id	묶음	파일	칸	크기	처리	교체 원본	상태
g014	부검 그림	JBkAutoJ.tpl	0[0]	360x400	번역		확정(10/2)
g015	부검 그림	JBkAutoJ.tpl	0[1]	360x400	번역		확정(10/2)
g016	부검 그림	JBkAutoJ.tpl	0[2]	360x400	번역		확정(10/2)
g017	부검 그림	JBkAutoJ.tpl	0[3]	360x400	번역		확정(10/2)
g018	부검 그림	JBkAutoJ.tpl	0[4]	360x400	번역		확정(10/2)
g019	부검 그림	JBkAutoJ.tpl	0[5]	360x400	번역		확정(10/2)
g020	부검 그림	JBkAutoJ.tpl	0[6]	360x400	번역		확정(10/2)
g021	부검 그림	JBkAutoJ.tpl	0[7]	360x400	번역		확정(10/2)
g022	부검 그림	JBkAutoJ.tpl	0[8]	360x400	번역		확정(10/2)
g023	부검 그림	JBkAutoJ.tpl	0[9]	360x400	번역		확정(10/2)
g024	부검 그림	JBkAutoJ.tpl	0[10]	360x400	번역		확정(10/2)
g025	부검 그림	JBkAutoJ.tpl	0[11]	360x400	번역		확정(10/2)
g026	부검 그림	JBkAutoJ.tpl	0[12]	360x400	번역		확정(10/2)
g027	부검 그림	JBkAutoJ.tpl	0[13]	360x400	번역		확정(10/2)
g034	책 화면·옵션	JBkPkJES.bin	64[0]	432x480	번역		확정(10/2)
g035	책 화면·옵션	JBkPkJES.bin	64[2]	90x30	번역		확정(10/2)
g036	책 화면·옵션	JBkPkJES.bin	64[4]	432x480	번역		확정(10/2)
g037	책 화면·옵션	JBkPkJES.bin	64[5]	268x72	번역		확정(10/2)
g038	책 화면·옵션	JBkPkJES.bin	64[13]	189x57	번역		확정(10/2)
g039	책 화면·옵션	JBkPkJES.bin	64[21]	640x480	번역		확정(10/2)
g040	책 화면·옵션	JBkPkJES.bin	64[22]	421x331	번역		확정(10/2)
g041	책 화면·옵션	JBkPkJES.bin	64[23]	64x32	번역		확정(10/2)
g042	책 화면·옵션	JBkPkJES.bin	64[24]	64x32	번역		확정(10/2)
g043	책 화면·옵션	JBkPkJES.bin	64[25]	203x31	번역		확정(10/2)
g044	책 화면·옵션	JBkPkJES.bin	64[26]	204x25	번역		확정(10/2)
g045	책 화면·옵션	JBkPkJES.bin	64[27]	432x480	번역		확정(10/2)
g046	책 화면·옵션	JBkPkJES.bin	64[28]	40x33	번역		확정(10/2)
g047	책 화면·옵션	JBkPkJES.bin	64[29]	47x48	번역		확정(10/2)
g048	책 화면·옵션	JBkPkJES.bin	64[31]	432x480	번역		확정(10/2)
g049	책 화면·옵션	JBkPkJES.bin	64[33]	354x149	번역		확정(10/2)
g050	책 화면·옵션	JBkPkJES.bin	64[34]	106x30	번역		원본 유지(10/2 확정)
g051	책 화면·옵션	JBkPkJES.bin	64[35]	47x31	번역		원본 유지(10/2 확정)
g052	책 화면·옵션	JBkPkJES.bin	64[36]	51x27	번역		확정(10/2)
g053	책 화면·옵션	JBkPkJES.bin	64[37]	51x27	번역		확정(10/2)
g054	책 화면·옵션	JBkPkJES.bin	64[38]	324x106	번역		확정(10/2)
g055	책 화면·옵션	JBkPkJES.bin	64[39]	176x32	번역		확정(10/2)
g056	책 화면·옵션	JBkPkJES.bin	64[40]	64x32	번역		확정(10/2)
g057	책 화면·옵션	JBkPkJES.bin	64[41]	40x33	번역		확정(10/2)
g058	책 화면·옵션	JBkPkJES.bin	64[42]	47x48	번역		확정(10/2)
g059	책 화면·옵션	JBkPkJES.bin	64[43]	138x32	번역		확정(10/2)
g060	책 화면·옵션	JBkPkJES.bin	64[44]	432x480	번역		확정(10/2)
g061	책 화면·옵션	JBkPkJES.bin	64[47]	81x38	번역		확정(10/2)
g062	책 화면·옵션	JBkPkJES.bin	64[48]	73x49	번역		확정(10/2)
g063	책 화면·옵션	JBkPkJES.bin	64[49]	198x57	번역		확정(10/2)
g064	책 화면·옵션	JBkPkJES.bin	64[50]	133x160	번역		확정(10/2)
g065	책 화면·옵션	JBkPkJES.bin	64[51]	133x160	번역		확정(10/2)
g066	책 화면·옵션	JBkPkJES.bin	64[52]	133x160	번역		확정(10/2)
g067	책 화면·옵션	JBkPkJES.bin	64[53]	133x160	번역		확정(10/2)
g068	책 화면·옵션	JBkPkJES.bin	64[57]	69x26	번역		확정(10/2)
g069	책 화면·옵션	JBkPkJES.bin	64[60]	73x49	번역		확정(10/2)
g070	책 화면·옵션	JBkPkJES.bin	64[74]	126x89	번역		확정(10/2)
g071	책 화면·옵션	JBkPkJES.bin	64[93]	72x31	번역		확정(10/2)
g072	책 화면·옵션	JBkPkJES.bin	64[94]	73x29	번역		확정(10/2)
g081	인벤토리 버튼	JBookInJ.tpl	0[6]	72x32	번역		확정(10/2)
g082	인벤토리 버튼	JBookInJ.tpl	0[12]	419x465	번역		확정(10/2)
g083	인벤토리 버튼	JBookInJ.tpl	0[19]	133x160	번역		확정(10/2)
g084	인벤토리 버튼	JBookInJ.tpl	0[22]	86x42	번역		확정(10/2)
g085	인벤토리 버튼	JBookInJ.tpl	0[23]	89x42	번역		확정(10/2)
g086	인벤토리 버튼	JBookInJ.tpl	0[24]	75x32	번역		확정(10/2)
g087	인벤토리 버튼	JBookInJ.tpl	0[25]	75x32	번역		확정(10/2)
g088	인벤토리 버튼	JBookInJ.tpl	0[26]	72x32	번역		확정(10/2)
g089	인벤토리 버튼	JBookInJ.tpl	0[27]	72x32	번역		확정(10/2)
g090	컨트롤러 안내	JBootPkW.bin	132640[15]	352x40	번역		확정(10/1)
g108	인벤토리 버튼(와이드)	JWideInJ.tpl	0[12]	305x465	번역		확정(10/1)
g109	인벤토리 버튼(와이드)	JWideInv.tpl	0[6]	64x32	번역		확정(10/2)
g110	인벤토리 버튼(와이드)	JWideInv.tpl	0[12]	320x480	번역		확정(10/2)
g111	인벤토리 버튼(와이드)	JWideInv.tpl	0[22]	85x42	번역		확정(10/2)
g112	인벤토리 버튼(와이드)	JWideInv.tpl	0[23]	88x42	번역		확정(10/2)
g113	인벤토리 버튼(와이드)	JWideInv.tpl	0[24]	64x32	번역		확정(10/2)
g114	인벤토리 버튼(와이드)	JWideInv.tpl	0[25]	64x32	번역		확정(10/2)
g115	인벤토리 버튼(와이드)	JWideInv.tpl	0[26]	64x32	번역		확정(10/2)
g116	인벤토리 버튼(와이드)	JWideInv.tpl	0[27]	64x32	번역		확정(10/2)
g123	타이틀·엔딩 화면	jp/JInsane.cmp	4[3]	850x480	번역		확정(10/2)
g124	타이틀·엔딩 화면	jp/JInsane.cmp	4[4]	168x63	번역		확정(10/2)
g125	타이틀·엔딩 화면	jp/JInsane.cmp	4[7]	640x480	번역		확정(10/2)
g126	타이틀·엔딩 화면	jp/JInsane.cmp	4[8]	640x480	교체	jp/JInsaneW.cmp 4[8]	교체 예정(빌드 때)
g127	타이틀 메뉴·옵션	jp/JMnMenu.cmp	4[2]	850x480	번역		확정(10/2)
g128	타이틀 메뉴·옵션	jp/JMnMenu.cmp	4[3]	850x480	번역		확정(10/2)
g129	타이틀 메뉴·옵션	jp/JMnMenu.cmp	4[7]	160x62	번역		확정(10/2)
g130	타이틀 메뉴·옵션	jp/JMnMenu.cmp	4[8]	120x84	번역		확정(10/2)
g131	타이틀 메뉴·옵션	jp/JMnMenu.cmp	4[9]	247x80	번역		확정(10/2)
g132	타이틀 메뉴·옵션	jp/JMnMenu.cmp	4[10]	122x59	번역		확정(10/2)
g133	타이틀 메뉴·옵션	jp/JMnMenu.cmp	4[14]	193x46	번역		확정(10/2)
g134	타이틀 메뉴·옵션	jp/JMnMenu.cmp	4[15]	248x64	번역		확정(10/2)
g135	타이틀 메뉴·옵션	jp/JMnMenu.cmp	4[16]	296x64	번역		확정(10/2)
g136	타이틀 메뉴·옵션	jp/JMnMenu.cmp	4[21]	640x480	번역		확정(10/2)
g137	타이틀 메뉴·옵션	jp/JMnMenu.cmp	4[23]	388x51	번역		원본 유지(10/2 확정)
g138	타이틀 메뉴·옵션	jp/JMnMenu.cmp	4[25]	168x23	번역		확정(10/2)
g139	타이틀 메뉴·옵션	jp/JMnMenu.cmp	4[26]	58x60	번역		확정(10/2)
g140	타이틀 메뉴·옵션	jp/JMnMenu.cmp	4[27]	58x60	번역		확정(10/2)
g141	타이틀 메뉴·옵션	jp/JMnMenu.cmp	4[28]	169x39	번역		원본 유지(숫자만)
g142	타이틀 메뉴·옵션	jp/JMnMenu.cmp	4[29]	168x37	번역		원본 유지(숫자만)
g143	타이틀 메뉴·옵션	jp/JMnMenu.cmp	4[30]	120x37	번역		확정(10/2)
g144	타이틀 메뉴·옵션	jp/JMnMenu.cmp	4[31]	120x37	번역		확정(10/2)
g145	타이틀 메뉴·옵션	jp/JMnMenu.cmp	4[34]	143x46	번역		확정(10/2)
g146	타이틀 메뉴·옵션	jp/JMnMenu.cmp	4[35]	58x60	번역		확정(10/2)
g147	타이틀 메뉴·옵션	jp/JMnMenu.cmp	4[36]	58x60	번역		확정(10/2)
g148	타이틀 메뉴·옵션	jp/JMnMenu.cmp	4[37]	168x37	번역		원본 유지(숫자만)
g149	타이틀 메뉴·옵션	jp/JMnMenu.cmp	4[38]	193x42	번역		확정(10/2)
g150	타이틀 메뉴·옵션	jp/JMnMenu.cmp	4[39]	169x39	번역		원본 유지(숫자만)
g151	타이틀 메뉴·옵션	jp/JMnMenu.cmp	4[41]	270x53	번역		확정(10/2)
g152	타이틀 메뉴·옵션	jp/JMnMenu.cmp	4[42]	196x40	번역		확정(10/2)
g153	타이틀 메뉴·옵션	jp/JMnMenu.cmp	4[43]	196x47	번역		확정(10/2)
g154	타이틀 메뉴·옵션	jp/JMnMenu.cmp	4[44]	296x51	번역		확정(10/2)
g155	타이틀 메뉴·옵션	jp/JMnMenu.cmp	4[45]	196x40	번역		확정(10/2)
g156	타이틀 메뉴·옵션	jp/JMnMenu.cmp	4[46]	196x47	번역		확정(10/2)
g157	타이틀 메뉴·옵션	jp/JMnMenu.cmp	4[47]	296x51	번역		확정(10/2)
g158	타이틀 메뉴·옵션	jp/JMnMenu.cmp	4[48]	143x70	번역		확정(10/2)
g159	타이틀 메뉴·옵션	jp/JMnMenu.cmp	4[62]	126x89	번역		확정(10/2)
g160	타이틀 메뉴·옵션	jp/JMnMenu.cmp	4[69]	122x59	번역		확정(10/2)
g161	타이틀 메뉴·옵션	jp/JMnMenu.cmp	4[70]	247x80	번역		확정(10/2)
g162	타이틀 메뉴·옵션	jp/JMnMenu.cmp	4[72]	360x356	번역		확정(10/2)
g163	타이틀 메뉴·옵션	jp/JMnMenu.cmp	4[73]	143x45	번역		확정(10/2)
g164	타이틀 메뉴·옵션	jp/JMnMenu.cmp	4[74]	138x43	번역		확정(10/2)
g165	타이틀 메뉴·옵션	jp/JMnMenu.cmp	4[75]	88x29	번역		확정(10/2)
g166	타이틀 메뉴·옵션	jp/JMnMenu.cmp	4[76]	79x25	번역		확정(10/2)
g167	타이틀 메뉴·옵션	jp/JMnMenu.cmp	4[77]	248x64	번역		확정(10/2)
g168	타이틀 메뉴·옵션	jp/JMnMenu.cmp	4[78]	120x37	번역		확정(10/2)
g169	타이틀 메뉴·옵션	jp/JMnMenu.cmp	4[79]	120x37	번역		확정(10/2)
g170	포 인용 화면	jp/JPoe.tpl	0[0]	640x480	번역		확정(10/2)
