0100	　	(이전 None)
01C0	暗	(이전 晴)
01CC	違	(이전 連)
01CD	遺	(이전 遣)
01DD	宇	(이전 字)
01F8	遠	(이전 速)
021F	画	(이전 雨)
025C	看	(이전 唇)
0264	間	(이전 問)
02B0	凶	(이전 囚)
02F3	劇	(이전 剌)
02FA	結	(이전 績)
0316	言	(이전 貫)
0333	好	(이전 奸)
03F2	柱	(이전 往)
041F	章	(이전 車)
046B	政	(이전 敢)
0471	牲	(이전 柱)
0486	設	(이전 股)
0487	説	(이전 鋭)
0492	染	(이전 樂)
04B2	操	(이전 橾)
04C6	束	(이전 朿)
04E7	大	(이전 犬)
04F7	誰	(이전 礁)
0505	談	(이전 餤)
052B	通	(이전 週)
0564	筒	(이전 簡)
056E	動	(이전 勳)
0578	特	(이전 持)
0587	二	(이전 工)
0590	認	(이전 詔)
05AE	漠	(이전 漢)
05C9	碑	(이전 俾)
05F8	封	(이전 對)
0625	宝	(이전 定)
069B	来	(이전 釆)
06D4	話	(이전 聒)
06D6	惑	(이전 感)
